id;first_name;last_name;fiscal_code;birth_date;last_modified_date;created_date
1;Magnus;Cassin;Graphical User I;2020-04-09;2020-04-09T02:30:26;2020-04-08T17:56:34
2;Marlon;Ziemann;Montana Paradigm;2020-04-09;2020-04-09T08:32:39;2020-04-09T14:28:42
3;Jerrold;Osinski;Macedonia Towels;2020-04-09;2020-04-09T01:54:03;2020-04-09T11:49:46
4;Kaitlyn;Johns;Investment Accou;2020-04-08;2020-04-08T18:19:54;2020-04-09T10:05:56
5;Clemens;Connelly;applicationXXXXX;2020-04-09;2020-04-09T09:37:59;2020-04-09T00:24:45
6;Julius;Torphy;ToysXXXXXXXXXXXX;2020-04-08;2020-04-08T21:20:07;2020-04-09T06:40:58
7;Lyda;Kub;panel GenericXXX;2020-04-09;2020-04-09T02:54:00;2020-04-09T08:23:30
8;Melvina;Fritsch;methodical Cambr;2020-04-09;2020-04-09T08:34:33;2020-04-08T22:17:10
9;Deven;Gibson;Avon CorporateXX;2020-04-09;2020-04-09T03:20:05;2020-04-09T00:35:19
10;Lera;O'Keefe;Small Plastic Ch;2020-04-09;2020-04-08T17:08:12;2020-04-09T07:33:44
